file,status,action,reason,duration,start,end,trimmed_duration,trim_head,trim_tail,threshold
1MSTAR.mp4,ok,trimmed,trim-detected,9.267,0.450,9.267,8.817,0.450,0.000,25.00
abominable.mp4,ok,trimmed,trim-detected,10.783,0.950,10.050,9.100,0.950,0.733,54.40
abyssalhunter.mp4,ok,trimmed,trim-detected,14.549,1.450,13.049,11.599,1.450,1.500,138.80
accursed.mp4,ok,trimmed,trim-detected,10.500,0.450,9.550,9.100,0.450,0.950,25.00
aegis.mp4,ok,trimmed,trim-detected,13.900,2.950,12.050,9.100,2.950,1.850,129.60
aegiswatergun.mp4,ok,trimmed,trim-detected,16.067,5.450,14.550,9.100,5.450,1.517,160.00
aether.mp4,ok,trimmed,trim-detected,21.567,6.450,18.550,12.100,6.450,3.017,50.40
afterparty.mp4,ok,trimmed,trim-detected,8.983,0.000,8.550,8.550,0.000,0.433,25.00
amethyst.mp4,ok,trimmed,trim-detected,12.075,0.436,9.284,8.848,0.436,2.791,25.00
anima.mp4,ok,trimmed,trim-detected,11.200,0.450,10.050,9.600,0.450,1.150,25.00
antivirus.mp4,ok,trimmed,trim-detected,11.945,1.452,10.561,9.109,1.452,1.385,131.60
anubis.mp4,ok,trimmed,trim-detected,12.646,2.953,12.062,9.109,2.953,0.584,92.80
apatite.mp4,ok,trimmed,trim-detected,13.010,0.447,9.501,9.054,0.447,3.509,25.00
apocalypse.mp4,ok,trimmed,trim-detected,13.596,3.484,12.672,9.188,3.484,0.924,133.60
apostolos.mp4,ok,trimmed,trim-detected,10.133,0.950,9.550,8.600,0.950,0.583,66.80
apostolosveil.mp4,ok,trimmed,trim-detected,17.100,4.450,13.550,9.100,4.450,3.550,180.40
apotheosis.mp4,ok,trimmed,trim-detected,9.852,0.948,9.852,8.904,0.948,0.000,148.80
aquatic.mp4,ok,trimmed,trim-detected,9.357,0.449,8.042,7.592,0.449,1.315,25.00
aquaticflame.mp4,ok,trimmed,trim-detected,10.778,0.950,10.050,9.100,0.950,0.728,25.00
arachnophobia.mp4,ok,trimmed,trim-detected,10.807,0.932,10.807,9.874,0.932,0.000,25.00
arcane.mp4,ok,trimmed,trim-detected,11.733,0.450,9.550,9.100,0.450,2.183,25.00
arcanedark.mp4,ok,trimmed,trim-detected,11.867,0.450,9.550,9.100,0.450,2.317,25.00
arcanelegacy.mp4,ok,trimmed,trim-detected,12.333,0.450,9.550,9.100,0.450,2.783,25.00
archangel.mp4,ok,trimmed,trim-detected,11.950,0.450,10.050,9.600,0.450,1.900,25.00
archmage.mp4,ok,trimmed,trim-detected,11.067,0.450,9.550,9.100,0.450,1.517,25.00
ascendant.mp4,ok,trimmed,trim-detected,11.333,0.450,9.550,9.100,0.450,1.783,25.00
ash.mp4,ok,trimmed,trim-detected,9.099,2.450,7.050,4.600,2.450,2.049,30.00
astral.mp4,ok,trimmed,trim-detected,14.071,0.970,10.251,9.281,0.970,3.820,119.20
astrallegendarium.mp4,ok,trimmed,trim-detected,10.700,0.450,9.550,9.100,0.450,1.150,25.00
astralzodiac.mp4,ok,trimmed,trim-detected,11.167,1.450,10.550,9.100,1.450,0.617,48.40
atlas.mp4,ok,trimmed,trim-detected,12.600,2.450,11.550,9.100,2.450,1.050,79.60
atlasatlas.mp4,ok,trimmed,trim-detected,12.100,0.000,6.050,6.050,0.000,6.050,25.00
atlasyuletide.mp4,ok,trimmed,trim-detected,12.367,0.950,10.050,9.100,0.950,2.317,60.00
atomic.mp4,ok,trimmed,trim-detected,8.310,0.954,5.069,4.116,0.954,3.241,61.60
atomicribonucleic.mp4,ok,trimmed,trim-detected,9.530,2.413,6.454,4.041,2.413,3.076,60.00
aura.mp4,ok,trimmed,trim-detected,8.000,2.450,6.050,3.600,2.450,1.950,120.40
aura2.mp4,ok,trimmed,trim-detected,10.100,0.450,9.050,8.600,0.450,1.050,25.00
aviator.mp4,ok,trimmed,trim-detected,11.567,0.450,10.050,9.600,0.450,1.517,25.00
banshee.mp4,ok,trimmed,trim-detected,13.133,1.950,11.050,9.100,1.950,2.083,125.20
bioluminescent.mp4,ok,trimmed,trim-detected,12.083,1.450,10.550,9.100,1.450,1.533,25.20
bleeding.mp4,ok,trimmed,trim-detected,5.733,0.950,4.050,3.100,0.950,1.683,39.20
blizzard.mp4,ok,trimmed,trim-detected,8.950,0.000,8.550,8.550,0.000,0.400,25.00
bloodgarden.mp4,ok,trimmed,trim-detected,13.107,0.458,9.708,9.249,0.458,3.399,25.00
bloodlust.mp4,ok,trimmed,trim-detected,10.200,0.450,9.550,9.100,0.450,0.650,25.00
blossom.mp4,skip,skip,no-non-ui-segment,2.383,0.000,2.383,2.383,0.000,0.000,25.00
borealis.mp4,skip,skip,detected-segment-too-short,10.050,8.450,9.550,1.100,8.450,0.500,59.60
bounded.mp4,ok,trimmed,trim-detected,14.800,0.950,13.050,12.100,0.950,1.750,28.40
boundedunbound.mp4,ok,trimmed,trim-detected,11.733,0.450,10.050,9.600,0.450,1.683,25.00
BREAKTHROUGH.mp4,ok,trimmed,trim-detected,30.067,4.450,19.050,14.600,4.450,11.017,25.00
breakthroughaura.mp4,ok,trimmed,trim-detected,41.733,8.450,38.550,30.100,8.450,3.183,86.40
bubble.mp4,ok,trimmed,trim-detected,9.900,0.950,9.050,8.100,0.950,0.850,25.00
carriage.mp4,ok,trimmed,trim-detected,11.250,0.450,9.550,9.100,0.450,1.700,25.00
celestial.mp4,ok,trimmed,trim-detected,14.560,0.449,12.516,12.067,0.449,2.044,25.00
celestialdivine.mp4,ok,trimmed,trim-detected,12.000,0.450,9.550,9.100,0.450,2.450,25.00
celestialwicked.mp4,ok,trimmed,trim-detected,9.867,0.452,8.089,7.637,0.452,1.777,25.00
chillsear.mp4,ok,trimmed,trim-detected,12.767,0.950,10.550,9.600,0.950,2.217,25.00
chromatic.mp4,ok,trimmed,trim-detected,9.567,0.450,9.550,9.100,0.450,0.017,25.00
chromaticexotic.mp4,ok,trimmed,trim-detected,10.533,5.450,10.050,4.600,5.450,0.483,25.00
chromaticgenesis.mp4,ok,trimmed,trim-detected,14.000,1.950,12.050,10.100,1.950,1.950,81.20
chromatickromat1k.mp4,ok,trimmed,trim-detected,13.833,0.950,10.550,9.600,0.950,3.283,25.00
clockwork.mp4,ok,trimmed,trim-detected,14.467,2.950,12.050,9.100,2.950,2.417,66.80
cola.mp4,ok,trimmed,trim-detected,11.099,7.808,9.381,1.573,7.808,1.718,61.60
comet.mp4,ok,trimmed,trim-detected,16.023,3.424,15.435,12.011,3.424,0.588,26.80
copper.mp4,ok,trimmed,trim-detected,12.330,1.992,10.258,8.266,1.992,2.072,80.80
corrosive.mp4,ok,trimmed,trim-detected,6.833,0.450,4.550,4.100,0.450,2.283,25.00
cosmos.mp4,ok,trimmed,trim-detected,11.550,0.950,10.550,9.600,0.950,1.000,77.20
cosmosalice.mp4,ok,trimmed,trim-detected,12.217,1.450,11.050,9.600,1.450,1.167,77.20
crimson.mp4,ok,trimmed,trim-detected,13.950,2.450,13.950,11.500,2.450,0.000,73.60
cryofang.mp4,skip,skip,no-meaningful-trim,17.900,0.000,17.900,17.900,0.000,0.000,25.00
cryogenic.mp4,ok,trimmed,trim-detected,15.233,1.468,13.208,11.740,1.468,2.025,147.20
cryptfire.mp4,ok,trimmed,trim-detected,14.000,0.430,9.650,9.220,0.430,4.350,25.00
crystallizedbejeweled.mp4,ok,trimmed,trim-detected,11.478,1.452,10.561,9.109,1.452,0.918,147.60
diaboli.mp4,ok,trimmed,trim-detected,12.984,6.780,10.783,4.003,6.780,2.202,41.20
diabolivoid.mp4,ok,trimmed,trim-detected,18.800,2.450,14.050,11.600,2.450,4.750,61.60
divinusangel.mp4,ok,trimmed,trim-detected,13.700,0.450,8.050,7.600,0.450,5.650,25.00
divinusguardian.mp4,ok,trimmed,trim-detected,13.728,0.957,10.117,9.160,0.957,3.611,112.40
dominion.mp4,ok,trimmed,trim-detected,11.983,0.450,9.550,9.100,0.450,2.433,25.00
dreammetric.mp4,ok,trimmed,trim-detected,40.250,0.950,35.050,34.100,0.950,5.200,149.20
dreamscape.mp4,ok,trimmed,trim-detected,13.967,1.450,11.550,10.100,1.450,2.417,67.60
dreamtraveler.mp4,ok,trimmed,trim-detected,21.767,1.474,19.862,18.388,1.474,1.906,26.80
dullahan.mp4,ok,trimmed,trim-detected,12.167,1.450,11.050,9.600,1.450,1.117,189.60
eclipse.mp4,skip,skip,no-non-ui-segment,7.300,0.000,7.300,7.300,0.000,0.000,107.20
eden.mp4,skip,skip,no-non-ui-segment,2.603,0.000,2.603,2.603,0.000,0.000,83.20
elude.mp4,ok,trimmed,trim-detected,13.633,1.450,11.550,10.100,1.450,2.083,46.40
encase.mp4,ok,trimmed,trim-detected,12.066,1.950,11.549,9.599,1.950,0.517,151.20
EQUINOX.mp4,skip,skip,no-meaningful-trim,10.867,0.000,10.867,10.867,0.000,0.000,25.00
erebus.mp4,ok,trimmed,trim-detected,23.643,3.450,18.550,15.100,3.450,5.093,122.40
ethereal.mp4,ok,trimmed,trim-detected,12.841,0.936,10.398,9.463,0.936,2.443,200.80
evanescent.mp4,ok,trimmed,trim-detected,12.042,0.441,9.865,9.424,0.441,2.177,25.00
evenight.mp4,ok,trimmed,trim-detected,11.833,0.450,9.550,9.100,0.450,2.283,25.00
exotic.mp4,ok,trimmed,trim-detected,14.767,0.450,12.550,12.100,0.450,2.217,25.00
exoticapex.mp4,ok,trimmed,trim-detected,12.133,0.950,10.550,9.600,0.950,1.583,60.00
exoticvoid.mp4,ok,trimmed,trim-detected,12.133,1.950,11.050,9.100,1.950,1.083,87.20
express.mp4,ok,trimmed,trim-detected,11.150,1.450,11.050,9.600,1.450,0.100,37.20
faith.mp4,ok,trimmed,trim-detected,16.883,2.950,12.050,9.100,2.950,4.833,76.80
fault.mp4,ok,trimmed,trim-detected,8.233,0.000,4.050,4.050,0.000,4.183,25.00
felled.mp4,ok,trimmed,trim-detected,14.500,1.450,10.550,9.100,1.450,3.950,167.60
flora.mp4,ok,trimmed,trim-detected,6.883,1.450,5.050,3.600,1.450,1.833,51.20
floraevergreen.mp4,ok,trimmed,trim-detected,13.750,1.950,10.550,8.600,1.950,3.200,144.40
floraflorest.mp4,ok,trimmed,trim-detected,15.267,3.950,13.050,9.100,3.950,2.217,100.40
flow.mp4,ok,trimmed,trim-detected,9.867,0.950,9.050,8.100,0.950,0.817,56.40
flowed.mp4,ok,trimmed,trim-detected,10.292,0.948,10.035,9.086,0.948,0.257,67.60
flushed.mp4,ok,trimmed,trim-detected,4.033,0.000,2.050,2.050,0.000,1.983,25.00
flushedlobotomy.mp4,ok,trimmed,trim-detected,9.678,0.949,8.545,7.596,0.949,1.133,25.00
flushedtroll.mp4,ok,trimmed,trim-detected,28.864,2.972,26.748,23.776,2.972,2.116,44.80
flutter.mp4,ok,trimmed,trim-detected,4.067,0.000,3.050,3.050,0.000,1.017,25.00
FROSTVEIL.mp4,skip,skip,no-meaningful-trim,9.000,0.000,9.000,9.000,0.000,0.000,25.00
frostwood.mp4,ok,trimmed,trim-detected,10.935,1.441,10.488,9.047,1.441,0.447,48.00
galaxy.mp4,ok,trimmed,trim-detected,12.608,0.947,10.019,9.072,0.947,2.589,41.20
gargantua.mp4,ok,trimmed,trim-detected,10.667,0.950,10.550,9.600,0.950,0.117,56.40
gingerbread.mp4,ok,trimmed,trim-detected,15.100,3.450,13.050,9.600,3.450,2.050,105.20
glacier.mp4,ok,trimmed,trim-detected,4.067,0.950,3.550,2.600,0.950,0.517,41.60
glitch.mp4,skip,skip,no-meaningful-trim,8.933,0.000,8.933,8.933,0.000,0.000,25.00
glock.mp4,ok,trimmed,trim-detected,7.767,0.000,4.050,4.050,0.000,3.717,25.00
glocktheglockofthesky.mp4,ok,trimmed,trim-detected,10.667,0.950,9.550,8.600,0.950,1.117,25.00
graveborn.mp4,ok,trimmed,trim-detected,10.733,1.450,10.733,9.283,1.450,0.000,25.00
gravitational.mp4,ok,trimmed,trim-detected,12.876,0.938,9.932,8.994,0.938,2.944,52.00
grief.mp4,ok,trimmed,trim-detected,10.707,0.960,10.151,9.191,0.960,0.556,55.60
guardian.mp4,ok,trimmed,trim-detected,12.850,2.950,12.050,9.100,2.950,0.800,197.20
hades.mp4,ok,trimmed,trim-detected,12.923,0.958,10.128,9.170,0.958,2.795,62.00
harnessed.mp4,ok,trimmed,trim-detected,12.017,1.450,10.550,9.100,1.450,1.467,25.00
harnessedelements.mp4,ok,trimmed,trim-detected,14.939,7.777,13.747,5.970,7.777,1.192,47.60
harvester.mp4,ok,trimmed,trim-detected,10.867,0.450,10.050,9.600,0.450,0.817,25.00
hazard.mp4,ok,trimmed,trim-detected,6.519,0.454,4.588,4.134,0.454,1.931,25.00
hazardrays.mp4,ok,trimmed,trim-detected,10.433,0.450,8.550,8.100,0.450,1.883,25.00
headless.mp4,ok,trimmed,trim-detected,10.400,0.950,10.050,9.100,0.950,0.350,136.40
headlesshorseman.mp4,ok,trimmed,trim-detected,11.533,0.450,9.550,9.100,0.450,1.983,25.00
helios.mp4,ok,trimmed,trim-detected,13.400,0.959,9.636,8.677,0.959,3.764,46.00
honey.mp4,ok,trimmed,trim-detected,9.135,1.408,5.881,4.473,1.408,3.254,57.20
hope.mp4,ok,trimmed,trim-detected,14.867,1.450,13.050,11.600,1.450,1.817,94.80
hypervolt.mp4,ok,trimmed,trim-detected,13.171,1.430,10.407,8.977,1.430,2.764,26.00
hypervolteverstorm.mp4,ok,trimmed,trim-detected,9.967,0.450,6.550,6.100,0.450,3.417,25.00
icarus.mp4,ok,trimmed,trim-detected,10.836,0.479,10.094,9.615,0.479,0.743,25.00
illusionary.mp4,ok,trimmed,trim-detected,31.600,1.450,29.550,28.100,1.450,2.050,205.20
impeached.mp4,ok,trimmed,trim-detected,10.202,0.944,9.987,9.043,0.944,0.215,103.20
impeachedimpeach.mp4,skip,skip,no-meaningful-trim,10.033,0.000,10.033,10.033,0.000,0.000,25.00
inkleak.mp4,ok,trimmed,trim-detected,10.233,0.450,8.550,8.100,0.450,1.683,25.00
innovator.mp4,ok,trimmed,trim-detected,9.988,0.951,9.988,9.038,0.951,0.000,67.20
jackfrost.mp4,ok,trimmed,trim-detected,12.279,1.452,11.061,9.610,1.452,1.218,74.80
jade.mp4,ok,trimmed,trim-detected,13.536,0.958,12.650,11.692,0.958,0.886,55.60
jazz.mp4,ok,trimmed,trim-detected,15.200,1.445,13.506,12.061,1.445,1.694,69.60
jazzorchestra.mp4,ok,trimmed,trim-detected,10.933,1.471,10.694,9.223,1.471,0.240,106.00
juxtaposition.mp4,ok,trimmed,trim-detected,13.935,0.938,10.419,9.481,0.938,3.516,281.60
kyawthuite.mp4,ok,trimmed,trim-detected,14.533,0.950,12.550,11.600,0.950,1.983,54.80
kyawthuiteremembrance.mp4,ok,trimmed,trim-detected,12.233,0.950,10.050,9.100,0.950,2.183,25.00
lamenthyr.mp4,ok,trimmed,trim-detected,18.625,0.450,12.050,11.600,0.450,6.575,25.00
lantern.mp4,ok,trimmed,trim-detected,14.383,0.950,13.550,12.600,0.950,0.833,32.40
leviathan.mp4,skip,skip,no-meaningful-trim,34.533,0.000,34.533,34.533,0.000,0.000,25.00
lifeguard.mp4,ok,trimmed,trim-detected,7.900,0.000,6.550,6.550,0.000,1.350,25.00
lightning.mp4,skip,skip,no-non-ui-segment,17.467,0.000,17.467,17.467,0.000,0.000,169.20
lostsoulwander.mp4,ok,trimmed,trim-detected,11.833,0.950,10.550,9.600,0.950,1.283,80.80
lotusfall.mp4,ok,trimmed,trim-detected,11.267,0.950,10.050,9.100,0.950,1.217,32.00
lullaby.mp4,ok,trimmed,trim-detected,10.172,0.960,10.151,9.191,0.960,0.021,134.40
lumenpool.mp4,ok,trimmed,trim-detected,10.933,0.450,9.550,9.100,0.450,1.383,25.00
luminosity.mp4,ok,trimmed,trim-detected,28.650,0.950,25.550,24.600,0.950,3.100,124.80
lunar.mp4,ok,trimmed,trim-detected,6.372,0.000,5.526,5.526,0.000,0.846,25.00
lunarcultist.mp4,ok,trimmed,trim-detected,12.883,1.450,10.550,9.100,1.450,2.333,95.20
lunarfullmoon.mp4,ok,trimmed,trim-detected,12.033,0.450,10.050,9.600,0.450,1.983,25.00
lunarnightfall.mp4,ok,trimmed,trim-detected,10.600,0.937,10.412,9.475,0.937,0.188,98.00
maelstrom.mp4,ok,trimmed,trim-detected,10.967,0.450,9.550,9.100,0.450,1.417,25.00
magnetic.mp4,ok,trimmed,trim-detected,6.717,0.000,3.050,3.050,0.000,3.667,25.00
magneticreversepolarity.mp4,ok,trimmed,trim-detected,12.267,0.950,10.050,9.100,0.950,2.217,90.40
malediction.mp4,ok,trimmed,trim-detected,15.350,0.450,10.050,9.600,0.450,5.300,25.00
manta.mp4,ok,trimmed,trim-detected,12.050,1.450,10.050,8.600,1.450,2.000,100.80
mastermind.mp4,ok,trimmed,trim-detected,14.167,1.450,4.550,3.100,1.450,9.617,38.00
matrix.mp4,ok,trimmed,trim-detected,12.233,0.950,10.050,9.100,0.950,2.183,38.00
matrixoverdrive.mp4,ok,trimmed,trim-detected,13.733,1.950,9.050,7.100,1.950,4.683,140.80
matrixreality.mp4,ok,trimmed,trim-detected,21.004,2.834,14.950,12.116,2.834,6.054,104.40
matrixsteampunk.mp4,ok,trimmed,trim-detected,10.000,5.450,8.550,3.100,5.450,1.450,25.00
megaphone.mp4,ok,trimmed,trim-detected,5.008,0.466,5.008,4.542,0.466,0.000,25.00
melodic.mp4,ok,trimmed,trim-detected,13.731,1.500,10.897,9.397,1.500,2.834,62.40
memory.mp4,ok,trimmed,trim-detected,11.400,1.450,10.550,9.100,1.450,0.850,100.40
metabytes.mp4,ok,trimmed,trim-detected,11.211,1.452,10.561,9.109,1.452,0.651,125.20
monarch.mp4,ok,trimmed,trim-detected,20.867,1.929,19.344,17.415,1.929,1.523,162.40
moonflower.mp4,ok,trimmed,trim-detected,11.333,0.950,10.050,9.100,0.950,1.283,153.60
nautiluslost.mp4,ok,trimmed,trim-detected,10.867,0.950,10.050,9.100,0.950,0.817,25.00
neferkhaf.mp4,ok,trimmed,trim-detected,12.183,1.450,10.550,9.100,1.450,1.633,52.80
nihility.mp4,ok,trimmed,trim-detected,11.767,0.450,9.550,9.100,0.450,2.217,25.00
northern.mp4,ok,trimmed,trim-detected,12.315,1.450,10.549,9.099,1.450,1.766,164.00
northpole.mp4,ok,trimmed,trim-detected,11.645,1.452,11.061,9.610,1.452,0.584,65.20
nyctophobia.mp4,ok,trimmed,trim-detected,19.765,9.530,16.184,6.655,9.530,3.580,41.20
oblivion.mp4,ok,trimmed,trim-detected,15.400,0.950,14.050,13.100,0.950,1.350,165.20
oni.mp4,ok,trimmed,trim-detected,13.600,1.950,11.550,9.600,1.950,2.050,76.80
oppression.mp4,ok,trimmed,trim-detected,19.997,3.394,15.303,11.908,3.394,4.694,172.80
origin.mp4,ok,trimmed,trim-detected,10.067,0.950,10.050,9.100,0.950,0.017,25.00
originonion.mp4,ok,trimmed,trim-detected,13.874,0.966,10.214,9.248,0.966,3.660,25.00
outlaw.mp4,ok,trimmed,trim-detected,10.817,0.950,10.050,9.100,0.950,0.767,31.20
overseer.mp4,ok,trimmed,trim-detected,11.633,0.450,9.550,9.100,0.450,2.083,25.00
overture.mp4,ok,trimmed,trim-detected,15.333,1.450,13.050,11.600,1.450,2.283,82.80
overturehistory.mp4,ok,trimmed,trim-detected,17.167,1.450,14.550,13.100,1.450,2.617,82.80
parasite.mp4,ok,trimmed,trim-detected,13.103,0.964,10.194,9.230,0.964,2.909,78.80
parol.mp4,ok,trimmed,trim-detected,15.664,4.440,13.519,9.079,4.440,2.145,72.00
permafrost.mp4,ok,trimmed,trim-detected,9.784,0.449,8.536,8.087,0.449,1.248,25.00
PERPETUAL.mp4,ok,trimmed,trim-detected,8.833,0.000,6.050,6.050,0.000,2.783,25.00
phantasma.mp4,ok,trimmed,trim-detected,11.167,0.950,10.050,9.100,0.950,1.117,155.20
pixelation.mp4,ok,trimmed,trim-detected,18.033,5.450,10.550,5.100,5.450,7.483,25.00
player.mp4,ok,trimmed,trim-detected,6.741,2.426,5.991,3.566,2.426,0.750,31.20
playerrespawn.mp4,ok,trimmed,trim-detected,9.217,0.000,8.050,8.050,0.000,1.167,25.00
poseidon.mp4,ok,trimmed,trim-detected,13.387,0.929,10.328,9.399,0.929,3.059,104.00
powered.mp4,ok,trimmed,trim-detected,10.933,0.450,8.550,8.100,0.450,2.383,25.00
precious.mp4,ok,trimmed,trim-detected,7.400,0.450,4.050,3.600,0.450,3.350,25.00
prologue.mp4,ok,trimmed,trim-detected,12.000,2.450,11.550,9.100,2.450,0.450,96.80
prophecy.mp4,ok,trimmed,trim-detected,12.771,2.007,11.364,9.357,2.007,1.407,25.00
prowler.mp4,ok,trimmed,trim-detected,11.483,1.450,11.050,9.600,1.450,0.433,53.60
pukeko.mp4,ok,trimmed,trim-detected,8.783,1.430,4.984,3.554,1.430,3.799,25.00
pump.mp4,ok,trimmed,trim-detected,13.267,0.450,13.050,12.600,0.450,0.217,25.00
pumptrickster.mp4,ok,trimmed,trim-detected,14.300,0.944,13.476,12.531,0.944,0.824,124.40
pythios.mp4,ok,trimmed,trim-detected,10.867,0.450,3.550,3.100,0.450,7.317,25.00
quartz.mp4,ok,trimmed,trim-detected,6.733,0.450,4.550,4.100,0.450,2.183,25.00
ragebrawler.mp4,ok,trimmed,trim-detected,11.167,0.450,9.550,9.100,0.450,1.617,25.00
rageheated.mp4,ok,trimmed,trim-detected,12.883,0.949,9.038,8.090,0.949,3.845,25.00
ravage.mp4,ok,trimmed,trim-detected,10.533,0.450,9.550,9.100,0.450,0.983,25.00
raven.mp4,ok,trimmed,trim-detected,15.125,1.499,13.472,11.973,1.499,1.653,98.40
reaper.mp4,ok,trimmed,trim-detected,13.246,3.854,9.810,5.956,3.854,3.436,25.00
redfullmoon.mp4,ok,trimmed,trim-detected,13.400,2.950,12.050,9.100,2.950,1.350,25.00
refraction.mp4,ok,trimmed,trim-detected,11.467,0.950,10.550,9.600,0.950,0.917,76.40
reina.mp4,skip,skip,no-non-ui-segment,4.483,0.000,4.483,4.483,0.000,0.000,37.60
ruins.mp4,ok,trimmed,trim-detected,10.875,0.450,9.550,9.100,0.450,1.325,25.00
ruinswithered.mp4,ok,trimmed,trim-detected,13.972,1.445,10.512,9.067,1.445,3.460,103.60
runic.mp4,ok,trimmed,trim-detected,10.875,1.398,10.665,9.268,1.398,0.210,88.80
sailor.mp4,ok,trimmed,trim-detected,12.000,0.450,9.550,9.100,0.450,2.450,25.00
sailorflyingdutchman.mp4,ok,trimmed,trim-detected,12.033,0.950,10.050,9.100,0.950,1.983,61.60
sandbasket.mp4,ok,trimmed,trim-detected,14.871,1.897,12.704,10.807,1.897,2.167,32.80
santafrost.mp4,ok,trimmed,trim-detected,16.200,0.450,10.050,9.600,0.450,6.150,25.00
savior.mp4,ok,trimmed,trim-detected,13.074,0.927,10.314,9.386,0.927,2.760,79.60
scorpion.mp4,skip,skip,no-meaningful-trim,2.742,0.000,2.742,2.742,0.000,0.000,25.00
sentinel.mp4,ok,trimmed,trim-detected,15.967,5.450,10.050,4.600,5.450,5.917,30.80
shardsurfer.mp4,ok,trimmed,trim-detected,11.533,0.450,5.550,5.100,0.450,5.983,25.00
sharkyn.mp4,ok,trimmed,trim-detected,11.567,1.950,11.050,9.100,1.950,0.517,47.20
shiftlock.mp4,ok,trimmed,trim-detected,11.833,1.450,10.550,9.100,1.450,1.283,70.40
shucks.mp4,ok,trimmed,trim-detected,10.500,0.450,9.550,9.100,0.450,0.950,25.00
sidereum.mp4,ok,trimmed,trim-detected,5.046,0.000,3.630,3.630,0.000,1.416,25.00
sinister.mp4,ok,trimmed,trim-detected,13.833,2.950,12.550,9.600,2.950,1.283,65.20
sirius.mp4,ok,trimmed,trim-detected,10.067,0.450,9.550,9.100,0.450,0.517,25.00
skyburst.mp4,ok,trimmed,trim-detected,11.525,1.448,10.538,9.090,1.448,0.987,34.40
snowball.mp4,ok,trimmed,trim-detected,9.267,1.450,9.050,7.600,1.450,0.217,81.20
sol.mp4,ok,trimmed,trim-detected,12.435,0.449,10.025,9.576,0.449,2.410,25.00
solar.mp4,ok,trimmed,trim-detected,4.939,0.000,4.525,4.525,0.000,0.414,25.00
solarsolstice.mp4,ok,trimmed,trim-detected,12.400,0.450,9.550,9.100,0.450,2.850,25.00
sophyra.mp4,ok,trimmed,trim-detected,13.479,1.457,10.096,8.639,1.457,3.383,33.60
soulhunter.mp4,ok,trimmed,trim-detected,10.633,0.950,10.050,9.100,0.950,0.583,87.60
sovereign.mp4,ok,trimmed,trim-detected,12.033,0.450,9.550,9.100,0.450,2.483,25.00
sovereignfrostveil.mp4,ok,trimmed,trim-detected,12.650,0.950,10.550,9.600,0.950,2.100,92.80
spectraflow.mp4,ok,trimmed,trim-detected,10.933,0.000,9.550,9.550,0.000,1.383,25.00
spectre.mp4,ok,trimmed,trim-detected,15.742,2.977,13.673,10.696,2.977,2.069,25.00
stargazer.mp4,ok,trimmed,trim-detected,15.038,1.527,10.566,9.039,1.527,4.472,33.20
starlight.mp4,ok,trimmed,trim-detected,9.267,0.450,8.550,8.100,0.450,0.717,25.00
starlightkunzite.mp4,ok,trimmed,trim-detected,11.345,1.452,10.561,9.109,1.452,0.784,125.60
starrider.mp4,ok,trimmed,trim-detected,7.584,2.905,6.944,4.040,2.905,0.639,98.00
starridersnowflake.mp4,ok,trimmed,trim-detected,12.600,0.450,12.550,12.100,0.450,0.050,25.00
starriderstarfish.mp4,ok,trimmed,trim-detected,11.700,1.950,9.550,7.600,1.950,2.150,86.40
starscourge.mp4,ok,trimmed,trim-detected,12.647,0.937,10.414,9.477,0.937,2.233,188.00
starscourgeradiant.mp4,ok,trimmed,trim-detected,10.800,0.450,9.550,9.100,0.450,1.250,25.00
stormal.mp4,ok,trimmed,trim-detected,9.086,0.947,8.521,7.575,0.947,0.565,25.20
stormalhurricane.mp4,ok,trimmed,trim-detected,12.267,0.450,9.550,9.100,0.450,2.717,25.00
symbiosis.mp4,ok,trimmed,trim-detected,12.818,0.966,10.211,9.245,0.966,2.607,225.60
symphony.mp4,ok,trimmed,trim-detected,12.500,0.950,10.050,9.100,0.950,2.450,60.80
symphonybloomed.mp4,ok,trimmed,trim-detected,9.724,0.963,9.724,8.761,0.963,0.000,60.80
terror.mp4,ok,trimmed,trim-detected,15.183,1.950,13.550,11.600,1.950,1.633,25.00
therma.mp4,ok,trimmed,trim-detected,16.100,1.950,11.550,9.600,1.950,4.550,25.60
twilight.mp4,ok,trimmed,trim-detected,12.302,0.980,9.837,8.857,0.980,2.465,152.40
twilightiridescentmemory.mp4,ok,trimmed,trim-detected,11.733,0.450,9.550,9.100,0.450,2.183,25.00
twilightwitheringgrace.mp4,ok,trimmed,trim-detected,12.433,0.450,10.050,9.600,0.450,2.383,25.00
undead.mp4,ok,trimmed,trim-detected,9.637,2.450,7.050,4.600,2.450,2.587,40.80
undeaddevil.mp4,ok,trimmed,trim-detected,14.877,1.903,13.233,11.330,1.903,1.644,39.20
undefined.mp4,ok,trimmed,trim-detected,12.916,0.939,9.941,9.002,0.939,2.975,25.00
undefineddefined.mp4,ok,trimmed,trim-detected,7.700,0.950,4.550,3.600,0.950,3.150,75.60
unknown.mp4,ok,trimmed,trim-detected,17.433,4.950,11.050,6.100,4.950,6.383,25.00
velocity.mp4,ok,trimmed,trim-detected,10.617,0.950,10.050,9.100,0.950,0.567,58.80
verdict.mp4,ok,trimmed,trim-detected,11.583,1.450,10.550,9.100,1.450,1.033,43.20
virtual.mp4,ok,trimmed,trim-detected,13.742,0.958,10.131,9.173,0.958,3.611,85.60
virtualfatalerror.mp4,ok,trimmed,trim-detected,13.560,0.950,10.550,9.600,0.950,3.010,104.80
virtualfullcontrol.mp4,ok,trimmed,trim-detected,15.367,1.954,11.074,9.120,1.954,4.293,123.60
virtualworldwide.mp4,ok,trimmed,trim-detected,10.533,0.950,10.050,9.100,0.950,0.483,42.00
vital.mp4,ok,trimmed,trim-detected,10.633,0.450,9.550,9.100,0.450,1.083,25.00
warlock.mp4,ok,trimmed,trim-detected,14.555,0.937,12.385,11.448,0.937,2.170,66.00
watermelon.mp4,ok,trimmed,trim-detected,12.633,0.450,12.633,12.183,0.450,0.000,25.00
watt.mp4,ok,trimmed,trim-detected,9.783,0.950,9.050,8.100,0.950,0.733,57.20
werewolf.mp4,ok,trimmed,trim-detected,13.418,0.000,11.399,11.399,0.000,2.019,25.00
winterfantasy.mp4,ok,trimmed,trim-detected,15.900,0.450,9.550,9.100,0.450,6.350,25.00
wintergarden.mp4,ok,trimmed,trim-detected,22.633,2.950,21.050,18.100,2.950,1.583,164.40
wonderland.mp4,ok,trimmed,trim-detected,15.800,0.450,9.550,9.100,0.450,6.250,25.00
workshop.mp4,ok,trimmed,trim-detected,12.483,3.950,9.550,5.600,3.950,2.933,25.00
wraithlight.mp4,ok,trimmed,trim-detected,13.317,0.934,9.889,8.955,0.934,3.428,48.40
zeus.mp4,ok,trimmed,trim-detected,14.058,0.933,9.885,8.951,0.933,4.173,142.40
